Level,Name,Hint,ID,MoveCursor,PostString,String
1,:animated,,:animated,,,:animated
1,:button,,:button,,,:button
1,:checkbox,,:checkbox,,,:checkbox
1,:checked,,:checked,,,:checked
1,:contains,text,:contains,1,(),:contains
1,:disabled,,:disabled,,,:disabled
1,:empty,,:empty,,,:empty
1,:enabled,,:enabled,,,:enabled
1,:eq,index,:eq,1,(),:eq
1,:even,,:even,,,:even
1,:file,,:file,,,:file
1,:first,,:first,,,:first
1,:first-child,,:first-child,,,:first-child
1,:focus,,:focus,,,:focus
1,:gt,index,:gt,1,(),:gt
1,:has,selector,:has,1,(),:has
1,:header,,:header,,,:header
1,:hidden,,:hidden,,,:hidden
1,:image,,:image,,,:image
1,:input,,:input,,,:input
1,:last,,:last,,,:last
1,:last-child,,:last-child,,,:last-child
1,:lt,index,:lt,1,(),:lt
1,:not,selector,:not,1,(),:not
1,:nth-child,index | even | odd | equation,:nth-child,1,(),:nth-child
1,:odd,,:odd,,,:odd
1,:only-child,,:only-child,,,:only-child
1,:parent,,:parent,1,(),:parent
1,:password,,:password,,,:password
1,:radio,,:radio,,,:radio
1,:reset,,:reset,,,:reset
1,:selected,,:selected,,,:selected
1,:submit,,:submit,,,:submit
1,:text,,:text,,,:text
1,:visible,,:visible,,,:visible
1,abbr,,abbr,,,abbr
1,abs,,abs,1,(),abs
1,accept,,accept,,,accept
1,acceptCharset,,acceptCharset,,,acceptCharset
1,accessKey,,accessKey,,,accessKey
1,acos,,acos,1,(),acos
1,action,,action,,,action
1,add,"elements | html | selector, [ context ]",add,1,(),add
1,addBehavior,,addBehavior,1,(),addBehavior
1,AddChannel,,AddChannel,1,(),AddChannel
1,addClass,"class | function(index, class)",addClass,1,(),addClass
1,AddDesktopComponent,,AddDesktopComponent,1,(),AddDesktopComponent
1,addElement,,addElement,1,(),addElement
1,AddFavorite,,AddFavorite,1,(),AddFavorite
1,addImport,,addImport,1,(),addImport
1,addPageRule,,addPageRule,1,(),addPageRule
1,addReadRequest,,addReadRequest,1,(),addReadRequest
1,addRule,,addRule,1,(),addRule
1,after,content | function(index),after,1,(),after
1,$.ajax - master,"url, [ options ]",ajax,2,({}),ajax
1,ajaxComplete,function,ajaxComplete,1,(),ajaxComplete
1,ajaxError,function,ajaxError,1,(),ajaxError
1,$.ajaxPrefilter,"[ dataTypes ], handler(options, originalOptions, jqXHR)",ajaxPrefilter,1,(),ajaxPrefilter
1,ajaxSend,function,ajaxSend,1,(),ajaxSend
1,$.ajaxSetup - master,options,ajaxSetup,2,({}),ajaxSetup
1,ajaxStart,function,ajaxStart,1,(),ajaxStart
1,ajaxStop,function,ajaxStop,1,(),ajaxStop
1,ajaxSuccess,function,ajaxSuccess,1,(),ajaxSuccess
1,alert,,alert,1,(),alert
1,align,,align,,,align
1,aLink,,aLink,,,aLink
1,alt,,alt,,,alt
1,altKey,,altKey,,,altKey
1,always,function,always,1,(),always
1,anchor,,anchor,1,(),anchor
1,anchors,,anchors,,,anchors
1,andSelf,,andSelf,1,(),andSelf
1,animate - master - needs more research,"properties, [ duration ], [ easing ], [ callback ]",animate,1,(),animate
1,appCodeName,,appCodeName,,,appCodeName
1,append,"content | function(index, html)",append,1,(),append
1,appendChild,,appendChild,1,(),appendChild
1,appendData,,appendData,1,(),appendData
1,appendTo,target,appendTo,1,(),appendTo
1,appName,,appName,,,appName
1,appVersion,,appVersion,,,appVersion
1,archive,,archive,,,archive
1,Array,,Array,,,Array
1,asin,,asin,1,(),asin
1,assign,,assign,1,(),assign
1,atan,,atan,1,(),atan
1,atan2,,atan2,1,(),atan2
1,attachEvent,,attachEvent,1,(),attachEvent
1,attr,"attribute, [ value | function ]",attr,1,(),attr
1,attribute,,attribute,,,attribute
1,attributes,,attributes,,,attributes
1,AutoCompleteSaveForm,,AutoCompleteSaveForm,1,(),AutoCompleteSaveForm
1,AutoScan,,AutoScan,1,(),AutoScan
1,availHeight,,availHeight,,,availHeight
1,availWidth,,availWidth,,,availWidth
1,axis,,axis,,,axis
1,back,,back,1,(),back
1,background,,background,,,background
1,backgroundAttachment,,backgroundAttachment,,,backgroundAttachment
1,backgroundColor,,backgroundColor,,,backgroundColor
1,backgroundImage,,backgroundImage,,,backgroundImage
1,backgroundPosition,,backgroundPosition,,,backgroundPosition
1,backgroundPositionX,,backgroundPositionX,,,backgroundPositionX
1,backgroundPositionY,,backgroundPositionY,,,backgroundPositionY
1,backgroundRepeat,,backgroundRepeat,,,backgroundRepeat
1,before,content | function,before,1,(),before
1,bgColor,,bgColor,,,bgColor
1,big,,big,1,(),big
1,bind,"event[ s ], [ eventData ], [function | false ]",bind,1,(),bind
1,blink,,blink,1,(),blink
1,blur,"[ [ eventData ], function ]",blur,1,(),blur
1,bold,,bold,1,(),bold
1,Boolean,,Boolean,,,Boolean
1,border,,border,,,border
1,borderBottom,,borderBottom,,,borderBottom
1,borderBottomColor,,borderBottomColor,,,borderBottomColor
1,borderBottomStyle,,borderBottomStyle,,,borderBottomStyle
1,borderBottomWidth,,borderBottomWidth,,,borderBottomWidth
1,borderCollapse,,borderCollapse,,,borderCollapse
1,borderColor,,borderColor,,,borderColor
1,borderLeft,,borderLeft,,,borderLeft
1,borderLeftColor,,borderLeftColor,,,borderLeftColor
1,borderLeftStyle,,borderLeftStyle,,,borderLeftStyle
1,borderLeftWidth,,borderLeftWidth,,,borderLeftWidth
1,borderRight,,borderRight,,,borderRight
1,borderRightColor,,borderRightColor,,,borderRightColor
1,borderRightStyle,,borderRightStyle,,,borderRightStyle
1,borderRightWidth,,borderRightWidth,,,borderRightWidth
1,borderSpacing,,borderSpacing,,,borderSpacing
1,borderStyle,,borderStyle,,,borderStyle
1,borderTop,,borderTop,,,borderTop
1,borderTopColor,,borderTopColor,,,borderTopColor
1,borderTopStyle,,borderTopStyle,,,borderTopStyle
1,borderTopWidth,,borderTopWidth,,,borderTopWidth
1,borderWidth,,borderWidth,,,borderWidth
1,bottom,,bottom,,,bottom
1,$.boxModel,,boxModel,,,boxModel
1,break,,break,,,break
1,jQuery.browser - master,,browser,,,browser
1,bubbles,,bubbles,,,bubbles
1,button,,button,,,button
1,cancelable,,cancelable,,,cancelable
1,caption,,caption,,,caption
1,captionSide,,captionSide,,,captionSide
1,catch,,catch,,,catch
1,ceil,,ceil,1,(),ceil
1,cellIndex,,cellIndex,,,cellIndex
1,cellPadding,,cellPadding,,,cellPadding
1,cells,,cells,,,cells
1,change,"[ [ eventData ], function ]",change,1,(),change
1,charAt,,charAt,1,(),charAt
1,charCodeAt,,charCodeAt,1,(),charCodeAt
1,charset,,charset,,,charset
1,checked,,checked,,,checked
1,childNodes,,childNodes,,,childNodes
1,children,selector,children,1,(),children
1,chOff,,chOff,,,chOff
1,ChooseColorDlg,,ChooseColorDlg,1,(),ChooseColorDlg
1,className,,className,,,className
1,clear,,clear,1,(),clear
1,clearAttributes,,clearAttributes,1,(),clearAttributes
1,clearData,,clearData,1,(),clearData
1,clearInterval,,clearInterval,1,(),clearInterval
1,clearQueue,[ queueName ],clearQueue,1,(),clearQueue
1,clearRequest,,clearRequest,1,(),clearRequest
1,clearTimeout,,clearTimeout,1,(),clearTimeout
1,click,"[ [ eventData ], function ]",click,1,(),click
1,clientHeight,,clientHeight,,,clientHeight
1,clientInformation,,clientInformation,,,clientInformation
1,clientWidth,,clientWidth,,,clientWidth
1,clientX,,clientX,,,clientX
1,clientY,,clientY,,,clientY
1,clip,,clip,,,clip
1,clipboardData,,clipboardData,,,clipboardData
1,clone,"[ withDataAndEvents ], [ deepWithDataAndEvents ]",clone,1,(),clone
1,cloneNode,,cloneNode,1,(),cloneNode
1,close,,close,1,(),close
1,closed,,closed,,,closed
1,closest,"selector[ s ], [ context ]",closest,1,(),closest
1,code,,code,,,code
1,codeBase,,codeBase,,,codeBase
1,codeType,,codeType,,,codeType
1,collapse,,collapse,1,(),collapse
1,color,,color,,,color
1,colorDepth,,colorDepth,,,colorDepth
1,cols,,cols,,,cols
1,colSpan,,colSpan,,,colSpan
1,compareEndPoints,,compareEndPoints,1,(),compareEndPoints
1,compile,,compile,1,(),compile
1,complete,,complete,,,complete
1,componentFromPoint,,componentFromPoint,1,(),componentFromPoint
1,concat,,concat,1,(),concat
1,confirm,,confirm,1,(),confirm
1,console,,console,,,console
1,const,,const,,,const
1,constructor,,constructor,,,constructor
1,contains,,contains,1,(),contains
1,content,,content,,,content
1,contentDocument,,contentDocument,,,contentDocument
1,contents,,contents,1,(),contents
1,contentWindow,,contentWindow,,,contentWindow
1,context,,context,,,context
1,continue,,continue,,,continue
1,cookie,,cookie,,,cookie
1,cookieEnabled,,cookieEnabled,,,cookieEnabled
1,coords,,coords,,,coords
1,cos,,cos,1,(),cos
1,counterIncrement,,counterIncrement,,,counterIncrement
1,counterReset,,counterReset,,,counterReset
1,createAttribute,,createAttribute,1,(),createAttribute
1,createCaption,,createCaption,1,(),createCaption
1,createComment,,createComment,1,(),createComment
1,createControlRange,,createControlRange,1,(),createControlRange
1,createDocumentFragment,,createDocumentFragment,1,(),createDocumentFragment
1,createElement,,createElement,1,(),createElement
1,createEventObject,,createEventObject,1,(),createEventObject
1,createPopup,,createPopup,1,(),createPopup
1,createRange,,createRange,1,(),createRange
1,createStyleSheet,,createStyleSheet,1,(),createStyleSheet
1,createTextNode,,createTextNode,1,(),createTextNode
1,createTextRange,,createTextRange,1,(),createTextRange
1,createTFoot,,createTFoot,1,(),createTFoot
1,createTHead,,createTHead,1,(),createTHead
1,css,"property, [ value ]",css,1,(),css
1,cssFloat,,cssFloat,,,cssFloat
1,cssText,,cssText,,,cssText
1,ctrlKey,,ctrlKey,,,ctrlKey
1,currentStyle,,currentStyle,,,currentStyle
1,currentTarget,,currentTarget,,,currentTarget
1,cursor,,cursor,,,cursor
1,data,"key, [ value ]",data,1,(),data
1,dataTransfer,,dataTransfer,,,dataTransfer
1,Date,,Date,,,Date
1,dblclick,"[ [ eventData ], function ]",dblclick,1,(),dblclick
1,declare,,declare,,,declare
1,decodeURI,,decodeURI,1,(),decodeURI
1,decodeURIComponent,,decodeURIComponent,1,(),decodeURIComponent
1,defaultChecked,,defaultChecked,,,defaultChecked
1,defaults,,defaults,,,defaults
1,defaultSelected,,defaultSelected,,,defaultSelected
1,defaultStatus,,defaultStatus,,,defaultStatus
1,defaultValue,,defaultValue,,,defaultValue
1,deferred - master,,deferred,,,deferred
1,delay - master,"duration, [ queueName ]",delay,1,(),delay
1,delegate,"selector, event, [ eventData ], function",delegate,1,(),delegate
1,delete,,delete,,,delete
1,deleteCaption,,deleteCaption,1,(),deleteCaption
1,deleteCell,,deleteCell,1,(),deleteCell
1,deleteData,,deleteData,1,(),deleteData
1,deleteRow,,deleteRow,,,deleteRow
1,deleteTFoot,,deleteTFoot,1,(),deleteTFoot
1,deleteTHead,,deleteTHead,1,(),deleteTHead
1,dequeue,[ queueName ],dequeue,1,(),dequeue
1,detach,[ selector ],detach,1,(),detach
1,detachEvent,,detachEvent,1,(),detachEvent
1,Dialog Helper,,Dialog Helper,,,Dialog Helper
1,die,"[ event, [ function ] ]",die,1,(),die
1,dir,,dir,,,dir
1,direction,,direction,,,direction
1,disabled,,disabled,,,disabled
1,display,,display,,,display
1,document,,document,,,document
1,documentMode,,documentMode,,,documentMode
1,doImport,,doImport,1,(),doImport
1,domain,,domain,,,domain
1,done,"function, [ function ]",done,1,(),done
1,doReadRequest,,doReadRequest,1,(),doReadRequest
1,doScroll,,doScroll,1,(),doScroll
1,dragDrop,,dragDrop,1,(),dragDrop
1,duplicate,,duplicate,1,(),duplicate
1,$.each,"collection, function",each,1,(),each
1,elementFromPoint,,elementFromPoint,1,(),elementFromPoint
1,elements,,elements,,,elements
1,else,,else,,,else
1,empty,,empty,1,(),empty
1,emptyCells,,emptyCells,,,emptyCells
1,encodeURI,,encodeURI,1,(),encodeURI
1,encodeURIComponent,,encodeURIComponent,1,(),encodeURIComponent
1,enctype,,enctype,,,enctype
1,end,,end,1,(),end
1,eq,index | -index,eq,1,(),eq
1,error,"[ [ eventData ], function ]",error,1,(),error
1,escape,,escape,1,(),escape
1,eval,,eval,1,(),eval
1,event - master,,event,,,event
1,eventPhase,,eventPhase,,,eventPhase
1,every,,every,1,(),every
1,exec,,exec,1,(),exec
1,execCommand,,execCommand,1,(),execCommand
1,execScript,,execScript,1,(),execScript
1,exp,,exp,1,(),exp
1,expand,,expand,1,(),expand
1,export,,export,,,export
1,jQuery.extend,"[ deep ], target, object1, [ objectN ]",extend,1,(),extend
1,external,,external,,,external
1,fadeIn - master,"[ duration ], [ easing ], [ function ]",fadeIn,1,(),fadeIn
1,fadeOut - master,"[ duration ], [ easing ], [ function ]",fadeOut,1,(),fadeOut
1,fadeTo - master,"[ duration ], opacity, [ easing ], [ function ]",fadeTo,1,(),fadeTo
1,fadeToggle - master,"[ duration ], [ easing ], [ function ]",fadeToggle,1,(),fadeToggle
1,fail,"function, [ function ]",fail,1,(),fail
1,filter,selector | function | element | object,filter,1,(),filter
1,find,selector | object | element,find,1,(),find
1,findText,,findText,1,(),findText
1,fireEvent,,fireEvent,1,(),fireEvent
1,first,,first,1,(),first
1,firstChild,,firstChild,,,firstChild
1,firstPage,,firstPage,1,(),firstPage
1,fixed,,fixed,1,(),fixed
1,floor,,floor,1,(),floor
1,focus,"[ [ eventData ], function ]",focus,1,(),focus
1,focusin,"[ [ eventData ], function ]",focusin,1,(),focusin
1,focusout,"[ [ eventData ], function ]",focusout,1,(),focusout
1,font,,font,,,font
1,fontColor,,fontColor,1,(),fontColor
1,fontFamily,,fontFamily,,,fontFamily
1,fontSize,,fontSize,1,(),fontSize
1,fontSizeAdjust,,fontSizeAdjust,,,fontSizeAdjust
1,fontStretch,,fontStretch,,,fontStretch
1,fontStyle,,fontStyle,,,fontStyle
1,fontVariant,,fontVariant,,,fontVariant
1,fontWeight,,fontWeight,,,fontWeight
1,for,,for,,,for
1,forEach,,forEach,1,(),forEach
1,form,,form,,,form
1,forms,,forms,,,forms
1,forward,,forward,1,(),forward
1,frame,,frame,,,frame
1,frameBorder,,frameBorder,,,frameBorder
1,frames,,frames,,,frames
1,fromCharCode,,fromCharCode,1,(),fromCharCode
1,function,,function,,,function
1,jQuery.fx - master,,fx,,,fx
1,$.get,"url, [ data ], [ function ], [ dataType ]",get,1,(),get
1,getAdjacentText,,getAdjacentText,1,(),getAdjacentText
1,getAttribute,,getAttribute,1,(),getAttribute
1,getAttributeNode,,getAttributeNode,1,(),getAttributeNode
1,getBookmark,,getBookmark,1,(),getBookmark
1,getBoundingClientRect,,getBoundingClientRect,1,(),getBoundingClientRect
1,getCharset,,getCharset,1,(),getCharset
1,getClientRects,,getClientRects,1,(),getClientRects
1,getData,,getData,1,(),getData
1,getDate,,getDate,1,(),getDate
1,getDay,,getDay,1,(),getDay
1,getElementById,,getElementById,1,(),getElementById
1,getElementsByName,,getElementsByName,1,(),getElementsByName
1,getElementsByTagName,,getElementsByTagName,1,(),getElementsByTagName
1,getExpression,,getExpression,1,(),getExpression
1,getFullYear,,getFullYear,1,(),getFullYear
1,getHours,,getHours,1,(),getHours
1,jQuery.getJSON,"url, [ data ], [ function ]",getJSON,1,(),getJSON
1,getMilliseconds,,getMilliseconds,1,(),getMilliseconds
1,getMinutes,,getMinutes,1,(),getMinutes
1,getMonth,,getMonth,1,(),getMonth
1,getNamedItem,,getNamedItem,1,(),getNamedItem
1,getPrototypeOf,,getPrototypeOf,1,(),getPrototypeOf
1,jQuery.getScript,"url, [ success ]",getScript,1,(),getScript
1,getSeconds,,getSeconds,1,(),getSeconds
1,getTime,,getTime,1,(),getTime
1,getTimezoneOffset,,getTimezoneOffset,1,(),getTimezoneOffset
1,getUTCDate,,getUTCDate,1,(),getUTCDate
1,getUTCDay,,getUTCDay,1,(),getUTCDay
1,getUTCFullYear,,getUTCFullYear,1,(),getUTCFullYear
1,getUTCHours,,getUTCHours,1,(),getUTCHours
1,getUTCMilliseconds,,getUTCMilliseconds,1,(),getUTCMilliseconds
1,getUTCMinutes,,getUTCMinutes,1,(),getUTCMinutes
1,getUTCMonth,,getUTCMonth,1,(),getUTCMonth
1,getUTCSeconds,,getUTCSeconds,1,(),getUTCSeconds
1,getYear,,getYear,1,(),getYear
1,jQuery.globalEval,code,globalEval,1,(),globalEval
1,go,,go,1,(),go
1,jQuery.grep,"array, function, [ invert ]",grep,1,(),grep
1,has,selector | contained,has,1,(),has
1,hasChildNodes,,hasChildNodes,1,(),hasChildNodes
1,hasClass,class,hasClass,1,(),hasClass
1,jQuery.hasData,element,hasData,1,(),hasData
1,hasFeature,,hasFeature,1,(),hasFeature
1,hasFocus,,hasFocus,1,(),hasFocus
1,hash,,hash,,,hash
1,hasOwnProperty,,hasOwnProperty,1,(),hasOwnProperty
1,headers,,headers,,,headers
1,height,[ value ] | [ function ],height,1,(),height
1,hide - master,"[ duration ], [ easing ], [ function ]",hide,1,(),hide
1,history,,history,,,history
1,jQuery.holdReady,boolean,holdReady,1,(),holdReady
1,host,,host,,,host
1,hostname,,hostname,,,hostname
1,hover,"function, [function]",hover,1,(),hover
1,href,,href,,,href
1,hreflang,,hreflang,,,hreflang
1,hspace,,hspace,,,hspace
1,html,[ html ] | [ function ],html,1,(),html
1,httpEquiv,,httpEquiv,,,httpEquiv
1,ignoreCase,,ignoreCase,,,ignoreCase
1,images,,images,,,images
1,implementation,,implementation,,,implementation
1,import,,import,,,import
1,ImportExportFavorites,,ImportExportFavorites,1,(),ImportExportFavorites
1,jQuery.inArray,"value, array",inArray,1,(),inArray
1,index,[ selector ] | [ element ],index,1,(),index
1,indexOf,,indexOf,1,(),indexOf
1,Infinity,,Infinity,,,Infinity
1,innerHeight,,innerHeight,1,(),innerHeight
1,innerHTML,,innerHTML,,,innerHTML
1,innerWidth,,innerWidth,1,(),innerWidth
1,input,,input,,,input
1,inRange,,inRange,1,(),inRange
1,insertAdjacentElement,,insertAdjacentElement,1,(),insertAdjacentElement
1,insertAdjacentHTML,,insertAdjacentHTML,1,(),insertAdjacentHTML
1,insertAdjacentText,,insertAdjacentText,1,(),insertAdjacentText
1,insertAfter,target,insertAfter,1,(),insertAfter
1,insertBefore,target,insertBefore,1,(),insertBefore
1,insertCell,,insertCell,1,(),insertCell
1,insertData,,insertData,1,(),insertData
1,insertRow,,insertRow,,,insertRow
1,instanceof,,instanceof,,,instanceof
1,is,selector | function | element | object,is,1,(),is
1,jQuery.isArray,object,isArray,1,(),isArray
1,event,,isDefaultPrevented,1,(),isDefaultPrevented
1,jQuery.isEmptyObject,object,isEmptyObject,1,(),isEmptyObject
1,isEqual,,isEqual,1,(),isEqual
1,isFinite,,isFinite,1,(),isFinite
1,jQuery.isFunction,object,isFunction,1,(),isFunction
1,event,,isImmediatePropagationStopped,1,(),isImmediatePropagationStopped
1,isNaN,,isNaN,1,(),isNaN
1,jQuery.isPlainObject,object,isPlainObject,1,(),isPlainObject
1,event,,isPropagationStopped,1,(),isPropagationStopped
1,isPrototypeOf,,isPrototypeOf,1,(),isPrototypeOf
1,deferred,,isRejected,1,(),isRejected
1,isResolved,,isResolved,1,(),isResolved
1,IsSubscribed,,IsSubscribed,1,(),IsSubscribed
1,jQuery.isWindow,object,isWindow,1,(),isWindow
1,jQuery.isXMLDoc,node,isXMLDoc,1,(),isXMLDoc
1,italics,,italics,1,(),italics
1,item,,item,1,(),item
1,javaEnabled,,javaEnabled,1,(),javaEnabled
1,join,,join,1,(),join
1,jQuery - master,"[ selector, [ context ] ] | [ element ] | [ array ] | [ object ]",jQuery,1,(),jQuery
1,keydown,"[ [ eventData ], function ]",keydown,1,(),keydown
1,keypress,"[ [ eventData ], function ]",keypress,1,(),keypress
1,keyup,"[ [ eventData ], function ]",keyup,1,(),keyup
1,label,,label,,,label
1,lang,,lang,,,lang
1,last,,last,1,(),last
1,lastChild,,lastChild,,,lastChild
1,lastIndex,,lastIndex,,,lastIndex
1,lastIndexOf,,lastIndexOf,1,(),lastIndexOf
1,lastModified,,lastModified,,,lastModified
1,lastPage,,lastPage,1,(),lastPage
1,left,,left,,,left
1,length,,length,,,length
1,let,,let,,,let
1,letterSpacing,,letterSpacing,,,letterSpacing
1,lineHeight,,lineHeight,,,lineHeight
1,link,"target, [ settings ]",link,1,(),link
1,links,,links,,,links
1,listStyle,,listStyle,,,listStyle
1,listStyleImage,,listStyleImage,,,listStyleImage
1,listStylePosition,,listStylePosition,,,listStylePosition
1,listStyleType,,listStyleType,,,listStyleType
1,live,"event, [ eventData ], function",live,1,(),live
1,LN10,,LN10,,,LN10
1,LN2,,LN2,,,LN2
1,load,"( url, [ data ], [ complete ] ) | ( [ eventData ], function )",load,1,(),load
1,localeCompare,,localeCompare,1,(),localeCompare
1,location,,location,,,location
1,log,,log,1,(),log
1,LOG10E,,LOG10E,,,LOG10E
1,LOG2E,,LOG2E,,,LOG2E
1,longDesc,,longDesc,,,longDesc
1,lowsrc,,lowsrc,,,lowsrc
1,jQuery.makeArray,object,makeArray,1,(),makeArray
1,$.map,"array | object, function",map,1,(),map
1,margin,,margin,,,margin
1,marginBottom,,marginBottom,,,marginBottom
1,marginHeight,,marginHeight,,,marginHeight
1,marginLeft,,marginLeft,,,marginLeft
1,marginRight,,marginRight,,,marginRight
1,marginTop,,marginTop,,,marginTop
1,marginWidth,,marginWidth,,,marginWidth
1,markerOffset,,markerOffset,,,markerOffset
1,marks,,marks,,,marks
1,match,,match,1,(),match
1,Math,,Math,,,Math
1,max,,max,1,(),max
1,MAX_VALUE,,MAX_VALUE,,,MAX_VALUE
1,maxHeight,,maxHeight,,,maxHeight
1,maxLength,,maxLength,,,maxLength
1,maxWidth,,maxWidth,,,maxWidth
1,media,,media,,,media
1,jQuery.merge,"first, second",merge,1,(),merge
1,mergeAttributes,,mergeAttributes,1,(),mergeAttributes
1,metaKey,,metaKey,,,metaKey
1,method,,method,,,method
1,mimeType,,mimeType,,,mimeType
1,min,,min,1,(),min
1,MIN_VALUE,,MIN_VALUE,,,MIN_VALUE
1,minHeight,,minHeight,,,minHeight
1,minWidth,,minWidth,,,minWidth
1,mousedown,"[ [ eventData ], function ]",mousedown,1,(),mousedown
1,mouseenter,"[ [ eventData ], function ]",mouseenter,1,(),mouseenter
1,mouseleave,"[ [ eventData ], function ]",mouseleave,1,(),mouseleave
1,mousemove,"[ [ eventData ], function ]",mousemove,1,(),mousemove
1,mouseout,"[ [ eventData ], function ]",mouseout,1,(),mouseout
1,mouseover,"[ [ eventData ], function ]",mouseover,1,(),mouseover
1,mouseup,"[ [ eventData ], function ]",mouseup,1,(),mouseup
1,move,,move,1,(),move
1,moveBy,,moveBy,1,(),moveBy
1,moveEnd,,moveEnd,1,(),moveEnd
1,moveRow,,moveRow,1,(),moveRow
1,moveStart,,moveStart,1,(),moveStart
1,moveTo,,moveTo,1,(),moveTo
1,moveToBookmark,,moveToBookmark,1,(),moveToBookmark
1,moveToElementText,,moveToElementText,1,(),moveToElementText
1,moveToPoint,,moveToPoint,1,(),moveToPoint
1,multiline,,multiline,,,multiline
1,multiple,,multiple,,,multiple
1,name,,name,,,name
1,namedItem,,namedItem,1,(),namedItem
1,namedRecordset,,namedRecordset,1,(),namedRecordset
1,namespace,,namespace,,,namespace
1,NaN,,NaN,,,NaN
1,navigate,,navigate,1,(),navigate
1,NavigateAndFind,,NavigateAndFind,1,(),NavigateAndFind
1,navigator,,navigator,,,navigator
1,NEGATIVE_INFINITY,,NEGATIVE_INFINITY,,,NEGATIVE_INFINITY
1,new,,new,,,new
1,next,[ selector ],next,1,(),next
1,nextAll,[ selector ],nextAll,1,(),nextAll
1,nextPage,,nextPage,1,(),nextPage
1,nextSibling,,nextSibling,,,nextSibling
1,nextUntil,[ selector ],nextUntil,1,(),nextUntil
1,jQuery.noConflict,[ removeAll ],noConflict,1,(),noConflict
1,nodeName,,nodeName,,,nodeName
1,nodeType,,nodeType,,,nodeType
1,nodeValue,,nodeValue,,,nodeValue
1,noHref,,noHref,,,noHref
1,jQuery.noop,,noop,1,(),noop
1,noResize,,noResize,,,noResize
1,normalize,,normalize,1,(),normalize
1,not,selector | element | function(index),not,1,(),not
1,null,,null,,,null
1,Number,,Number,,,Number
1,Object,,Object,,,Object
1,offset,"[ coordinates | function(index, coordinates) ]",offset,1,(),offset
1,offsetHeight,,offsetHeight,,,offsetHeight
1,offsetLeft,,offsetLeft,,,offsetLeft
1,offsetParent,,offsetParent,1,(),offsetParent
1,offsetTop,,offsetTop,,,offsetTop
1,offsetWidth,,offsetWidth,,,offsetWidth
1,onAbort,,onAbort,,,onAbort
1,onActivate,,onActivate,,,onActivate
1,onAfterPrint,,onAfterPrint,,,onAfterPrint
1,onAfterUpdate,,onAfterUpdate,,,onAfterUpdate
1,onBeforeActivate,,onBeforeActivate,,,onBeforeActivate
1,onBeforeCopy,,onBeforeCopy,,,onBeforeCopy
1,onBeforeCut,,onBeforeCut,,,onBeforeCut
1,onBeforeDeactivate,,onBeforeDeactivate,,,onBeforeDeactivate
1,onBeforeEditFocus,,onBeforeEditFocus,,,onBeforeEditFocus
1,onBeforeOnload,,onBeforeOnload,,,onBeforeOnload
1,onBeforePaste,,onBeforePaste,,,onBeforePaste
1,onBeforePrint,,onBeforePrint,,,onBeforePrint
1,onBeforeUnload,,onBeforeUnload,,,onBeforeUnload
1,onBeforeUpdate,,onBeforeUpdate,,,onBeforeUpdate
1,onBlur,,onBlur,,,onBlur
1,onBounce,,onBounce,,,onBounce
1,onCellChange,,onCellChange,,,onCellChange
1,onChange,,onChange,,,onChange
1,onClick,,onClick,,,onClick
1,onContextMenu,,onContextMenu,,,onContextMenu
1,onControlSelect,,onControlSelect,,,onControlSelect
1,onCopy,,onCopy,,,onCopy
1,onCut,,onCut,,,onCut
1,onDataAvailable,,onDataAvailable,,,onDataAvailable
1,onDatasetChanged,,onDatasetChanged,,,onDatasetChanged
1,onDatasetComplete,,onDatasetComplete,,,onDatasetComplete
1,onDblClick,,onDblClick,,,onDblClick
1,onDeactivate,,onDeactivate,,,onDeactivate
1,onDrag,,onDrag,,,onDrag
1,onDragEnd,,onDragEnd,,,onDragEnd
1,onDragEnter,,onDragEnter,,,onDragEnter
1,onDragLeave,,onDragLeave,,,onDragLeave
1,onDragOver,,onDragOver,,,onDragOver
1,onDragStart,,onDragStart,,,onDragStart
1,onDrop,,onDrop,,,onDrop
1,one,"eventType, [ eventData ], function",one,1,(),one
1,onError,,onError,,,onError
1,onErrorUpdate,,onErrorUpdate,,,onErrorUpdate
1,onFilterChange,,onFilterChange,,,onFilterChange
1,onFinish,,onFinish,,,onFinish
1,onFocus,,onFocus,,,onFocus
1,onFocusIn,,onFocusIn,,,onFocusIn
1,onFocusOut,,onFocusOut,,,onFocusOut
1,onFormChange,,onFormChange,,,onFormChange
1,onFormInput,,onFormInput,,,onFormInput
1,onHasChange,,onHasChange,,,onHasChange
1,onHelp,,onHelp,,,onHelp
1,onInput,,onInput,,,onInput
1,onInvalid,,onInvalid,,,onInvalid
1,onKeyDown,,onKeyDown,,,onKeyDown
1,onKeyPress,,onKeyPress,,,onKeyPress
1,onKeyUp,,onKeyUp,,,onKeyUp
1,onLayoutComplete,,onLayoutComplete,,,onLayoutComplete
1,onLoad,,onLoad,,,onLoad
1,onLoseCapture,,onLoseCapture,,,onLoseCapture
1,onMessage,,onMessage,,,onMessage
1,onMouseDown,,onMouseDown,,,onMouseDown
1,onMouseEnter,,onMouseEnter,,,onMouseEnter
1,onMouseLeave,,onMouseLeave,,,onMouseLeave
1,onMouseMove,,onMouseMove,,,onMouseMove
1,onMouseOut,,onMouseOut,,,onMouseOut
1,onMouseOver,,onMouseOver,,,onMouseOver
1,onMouseUp,,onMouseUp,,,onMouseUp
1,onMouseWheel,,onMouseWheel,,,onMouseWheel
1,onMove,,onMove,,,onMove
1,onMoveEnd,,onMoveEnd,,,onMoveEnd
1,onMoveStart,,onMoveStart,,,onMoveStart
1,onOffline,,onOffline,,,onOffline
1,onOnline,,onOnline,,,onOnline
1,onPageHide,,onPageHide,,,onPageHide
1,onPageShow,,onPageShow,,,onPageShow
1,onPaste,,onPaste,,,onPaste
1,onPopState,,onPopState,,,onPopState
1,onPropertyChange,,onPropertyChange,,,onPropertyChange
1,onReadyStateChange,,onReadyStateChange,,,onReadyStateChange
1,onRedo,,onRedo,,,onRedo
1,onReset,,onReset,,,onReset
1,onResize,,onResize,,,onResize
1,onResizeEnd,,onResizeEnd,,,onResizeEnd
1,onResizeStart,,onResizeStart,,,onResizeStart
1,onRowEnter,,onRowEnter,,,onRowEnter
1,onRowExit,,onRowExit,,,onRowExit
1,onRowsDelete,,onRowsDelete,,,onRowsDelete
1,onRowsInserted,,onRowsInserted,,,onRowsInserted
1,onScroll,,onScroll,,,onScroll
1,onSelect,,onSelect,,,onSelect
1,onSelectionChange,,onSelectionChange,,,onSelectionChange
1,onSelectStart,,onSelectStart,,,onSelectStart
1,onStart,,onStart,,,onStart
1,onStop,,onStop,,,onStop
1,onStorage,,onStorage,,,onStorage
1,onSubmit,,onSubmit,,,onSubmit
1,onTimeError,,onTimeError,,,onTimeError
1,onUndo,,onUndo,,,onUndo
1,onUnload,,onUnload,,,onUnload
1,open,,open,1,(),open
1,opener,,opener,,,opener
1,options,,options,,,options
1,orphans,,orphans,,,orphans
1,outerHeight,[ boolean ],outerHeight,1,(),outerHeight
1,outerWidth,[ boolean ],outerWidth,1,(),outerWidth
1,outline,,outline,,,outline
1,outlineColor,,outlineColor,,,outlineColor
1,outlineStyle,,outlineStyle,,,outlineStyle
1,outlineWidth,,outlineWidth,,,outlineWidth
1,overflow,,overflow,,,overflow
1,ownerDocument,,ownerDocument,,,ownerDocument
1,padding,,padding,,,padding
1,paddingBottom,,paddingBottom,,,paddingBottom
1,paddingLeft,,paddingLeft,,,paddingLeft
1,paddingRight,,paddingRight,,,paddingRight
1,paddingTop,,paddingTop,,,paddingTop
1,page,,page,,,page
1,pageBreakAfter,,pageBreakAfter,,,pageBreakAfter
1,pageBreakBefore,,pageBreakBefore,,,pageBreakBefore
1,pageBreakInside,,pageBreakInside,,,pageBreakInside
1,event,,pageX,,,pageX
1,pageXOffset,,pageXOffset,,,pageXOffset
1,event,,pageY,,,pageY
1,pageYOffset,,pageYOffset,,,pageYOffset
1,jQuery.param,"object, [ boolean ]",param,1,(),param
1,parent,[ selector ],parent,1,(),parent
1,parentElement,,parentElement,1,(),parentElement
1,parentNode,,parentNode,,,parentNode
1,parents,[ selector ],parents,1,(),parents
1,parentsUntil,[ selector ],parentsUntil,1,(),parentsUntil
1,parse,,parse,1,(),parse
1,parseFloat,,parseFloat,1,(),parseFloat
1,parseInt,,parseInt,1,(),parseInt
1,jQuery.parseJSON,json,parseJSON,1,(),parseJSON
1,jQuery.parseXML,xml,parseXML,1,(),parseXML
1,pasteHTML,,pasteHTML,1,(),pasteHTML
1,pathname,,pathname,,,pathname
1,PI,,PI,,,PI
1,pipe,"[ function ], [ function ]",pipe,1,(),pipe
1,pixelDepth,,pixelDepth,,,pixelDepth
1,platform,,platform,,,platform
1,plugin,,plugin,,,plugin
1,pop,,pop,1,(),pop
1,popup,,popup,,,popup
1,port,,port,,,port
1,position,,position,1,(),position
1,POSITIVE_INFINITY,,POSITIVE_INFINITY,,,POSITIVE_INFINITY
1,jQuery.post,"url, [ data ], [ success ], [ dataType ]",post,1,(),post
1,pow,,pow,1,(),pow
1,prepend,"content | function(index, html)",prepend,1,(),prepend
1,prependTo,target,prependTo,1,(),prependTo
1,prev,[ selector ],prev,1,(),prev
1,prevAll,[ selector ],prevAll,1,(),prevAll
1,event,,preventDefault,1,(),preventDefault
1,previousPage,,previousPage,1,(),previousPage
1,previousSibling,,previousSibling,,,previousSibling
1,prevUntil,[ selector ],prevUntil,1,(),prevUntil
1,print,,print,1,(),print
1,promise,"[ type ], [ target ]",promise,1,(),promise
1,prompt,,prompt,1,(),prompt
1,prop,"string, [ value ]",prop,1,(),prop
1,propertyIsEnumerable,,propertyIsEnumerable,1,(),propertyIsEnumerable
1,protocol,,protocol,,,protocol
1,prototype,,prototype,,,prototype
1,jQuery.proxy,"[ function ], context, [ name ]",proxy,1,(),proxy
1,push,,push,1,(),push
1,pushStack,"elements, [ name, arguments ]",pushStack,1,(),pushStack
1,queryCommandEnabled,,queryCommandEnabled,1,(),queryCommandEnabled
1,queryCommandIndeterm,,queryCommandIndeterm,1,(),queryCommandIndeterm
1,queryCommandState,,queryCommandState,1,(),queryCommandState
1,queryCommandSupported,,queryCommandSupported,1,(),queryCommandSupported
1,queryCommandValue,,queryCommandValue,1,(),queryCommandValue
1,$.queue,"element, [ queueName, [ newQueue | function ] ]",queue,1,(),queue
1,quotes,,quotes,,,quotes
1,random,,random,1,(),random
1,RangeError,,RangeError,1,(),RangeError
1,readOnly,,readOnly,,,readOnly
1,ready,function,ready,1,(),ready
1,readyState,,readyState,,,readyState
1,recalc,,recalc,1,(),recalc
1,reduce,,reduce,1,(),reduce
1,reduceRight,,reduceRight,1,(),reduceRight
1,ReferenceError,,ReferenceError,1,(),ReferenceError
1,referrer,,referrer,,,referrer
1,refresh,,refresh,1,(),refresh
1,RegExp,,RegExp,1,(),RegExp
1,deferred,args,reject,1,(),reject
1,deferred,"context, [ args ]",rejectWith,1,(),rejectWith
1,rel,,rel,,,rel
1,event,,relatedTarget,,,relatedTarget
1,releaseCapture,,releaseCapture,1,(),releaseCapture
1,reload,,reload,1,(),reload
1,remove,[ selector ],remove,1,(),remove
1,removeAttr,attributeName,removeAttr,1,(),removeAttr
1,removeAttribute,,removeAttribute,1,(),removeAttribute
1,removeAttributeNode,,removeAttributeNode,1,(),removeAttributeNode
1,removeBehavior,,removeBehavior,1,(),removeBehavior
1,removeChild,,removeChild,1,(),removeChild
1,removeClass,"[ className | function(index, class) ]",removeClass,1,(),removeClass
1,$.removeData,"element, [ string ]",removeData,1,(),removeData
1,removeExpression,,removeExpression,1,(),removeExpression
1,removeNamedItem,,removeNamedItem,1,(),removeNamedItem
1,removeNode,,removeNode,1,(),removeNode
1,removeProp,"string, value",removeProp,1,(),removeProp
1,removeRule,,removeRule,1,(),removeRule
1,replace,,replace,1,(),replace
1,replaceAdjacentText,,replaceAdjacentText,1,(),replaceAdjacentText
1,replaceAll,,replaceAll,1,(),replaceAll
1,replaceChild,,replaceChild,1,(),replaceChild
1,replaceData,,replaceData,1,(),replaceData
1,replaceWith,newContent | function,replaceWith,1,(),replaceWith
1,reset,,reset,1,(),reset
1,resize,"[ [ eventData ], function ]",resize,1,(),resize
1,resizeBy,,resizeBy,1,(),resizeBy
1,resizeTo,,resizeTo,1,(),resizeTo
1,deferred,args,resolve,1,(),resolve
1,deferred,"context, [ args ]",resolveWith,1,(),resolveWith
1,event,,result,,,result
1,return,,return,,,return
1,rev,,rev,,,rev
1,reverse,,reverse,1,(),reverse
1,right,,right,,,right
1,round,,round,1,(),round
1,rowIndex,,rowIndex,,,rowIndex
1,rows,,rows,,,rows
1,rowSpan,,rowSpan,,,rowSpan
1,rule,,rule,,,rule
1,rules,,rules,,,rules
1,runtimeStyle,,runtimeStyle,,,runtimeStyle
1,scheme,,scheme,,,scheme
1,scope,,scope,,,scope
1,screen,,screen,,,screen
1,screenLeft,,screenLeft,,,screenLeft
1,screenTop,,screenTop,,,screenTop
1,screenX,,screenX,,,screenX
1,screenY,,screenY,,,screenY
1,scroll,"[ [ eventData ], function ]",scroll,1,(),scroll
1,scrollBy,,scrollBy,1,(),scrollBy
1,scrollHeight,,scrollHeight,,,scrollHeight
1,scrolling,,scrolling,,,scrolling
1,scrollIntoView,,scrollIntoView,1,(),scrollIntoView
1,scrollLeft,[ value ],scrollLeft,1,(),scrollLeft
1,scrollTo,,scrollTo,1,(),scrollTo
1,scrollTop,[ value ],scrollTop,1,(),scrollTop
1,scrollWidth,,scrollWidth,,,scrollWidth
1,search,,search,1,(),search
1,sectionRowIndex,,sectionRowIndex,,,sectionRowIndex
1,select,"[ [ eventData ], function ]",select,1,(),select
1,selected,,selected,,,selected
1,selectedIndex,,selectedIndex,,,selectedIndex
1,selection,,selection,,,selection
1,selector,,selector,,,selector
1,self,,self,,,self
1,serialize,,serialize,1,(),serialize
1,serializeArray,,serializeArray,1,(),serializeArray
1,set,,set,,,set
1,setActive,,setActive,1,(),setActive
1,setAttribute,,setAttribute,1,(),setAttribute
1,setAttributeNode,,setAttributeNode,1,(),setAttributeNode
1,setCapture,,setCapture,1,(),setCapture
1,setData,,setData,1,(),setData
1,setDate,,setDate,1,(),setDate
1,setEndPoint,,setEndPoint,1,(),setEndPoint
1,setExpression,,setExpression,1,(),setExpression
1,setFullYear,,setFullYear,1,(),setFullYear
1,setHours,,setHours,1,(),setHours
1,setInterval,,setInterval,1,(),setInterval
1,setMilliseconds,,setMilliseconds,1,(),setMilliseconds
1,setMinutes,,setMinutes,1,(),setMinutes
1,setMonth,,setMonth,1,(),setMonth
1,setNamedItem,,setNamedItem,1,(),setNamedItem
1,setSeconds,,setSeconds,1,(),setSeconds
1,setTime,,setTime,1,(),setTime
1,setTimeout,,setTimeout,1,(),setTimeout
1,setUTCDate,,setUTCDate,1,(),setUTCDate
1,setUTCFullYear,,setUTCFullYear,1,(),setUTCFullYear
1,setUTCHours,,setUTCHours,1,(),setUTCHours
1,setUTCMilliseconds,,setUTCMilliseconds,1,(),setUTCMilliseconds
1,setUTCMinutes,,setUTCMinutes,1,(),setUTCMinutes
1,setUTCMonth,,setUTCMonth,1,(),setUTCMonth
1,setUTCSeconds,,setUTCSeconds,1,(),setUTCSeconds
1,setYear,,setYear,1,(),setYear
1,shape,,shape,,,shape
1,shift,,shift,1,(),shift
1,shiftKey,,shiftKey,,,shiftKey
1,show - master,"[ [ duration ], [ easing ], [ callback ] ]",show,1,(),show
1,ShowBrowserUI,,ShowBrowserUI,1,(),ShowBrowserUI
1,showHelp,,showHelp,1,(),showHelp
1,showModalDialog,,showModalDialog,1,(),showModalDialog
1,showModelessDialog,,showModelessDialog,1,(),showModelessDialog
1,siblings,[ selector ],siblings,1,(),siblings
1,sin,,sin,1,(),sin
1,size,,size,1,(),size
1,slice,"start, [ end ]",slice,1,(),slice
1,slideDown - master,"[ [ duration ], [ easing ], [ callback ] ]",slideDown,1,(),slideDown
1,slideToggle - master,"[ [ duration ], [ easing ], [ callback ] ]",slideToggle,1,(),slideToggle
1,slideUp - master,"[ [ duration ], [ easing ], [ callback ] ]",slideUp,1,(),slideUp
1,small,,small,1,(),small
1,some,,some,1,(),some
1,sort,,sort,1,(),sort
1,source,,source,,,source
1,splice,,splice,1,(),splice
1,split,,split,1,(),split
1,splitText,,splitText,1,(),splitText
1,sqrt,,sqrt,1,(),sqrt
1,SQRT1_2,,SQRT1_2,,,SQRT1_2
1,SQRT2,,SQRT2,,,SQRT2
1,src,,src,,,src
1,standby,,standby,,,standby
1,start,,start,1,(),start
1,status,,status,,,status
1,stop,"[ clearQueue ], [ jumpToEnd ]",stop,1,(),stop
1,event,,stopImmediatePropagation,1,(),stopImmediatePropagation
1,event,,stopPropagation,1,(),stopPropagation
1,strike,,strike,1,(),strike
1,String,,String,,,String
1,style,,style,,,style
1,styleSheet,,styleSheet,,,styleSheet
1,sub,,sub,1,(),sub
1,submit,"[ [ eventData ], function ]",submit,1,(),submit
1,substr,,substr,1,(),substr
1,substring,,substring,1,(),substring
1,substringData,,substringData,1,(),substringData
1,summary,,summary,,,summary
1,jQuery.support - master,,support,1,(),support
1,swapNode,,swapNode,1,(),swapNode
1,toggle,,swing,,,swing
1,switch,,switch,,,switch
1,SyntaxError,,SyntaxError,1,(),SyntaxError
1,tabIndex,,tabIndex,,,tabIndex
1,tableLayout,,tableLayout,,,tableLayout
1,tagName,,tagName,,,tagName
1,tags,,tags,1,(),tags
1,taintEnabled,,taintEnabled,1,(),taintEnabled
1,tan,,tan,1,(),tan
1,event,,target,,,target
1,tBodies,,tBodies,,,tBodies
1,$.template,"[ string ], template",template,1,(),template
1,test,,test,1,(),test
1,text,[ string ],text,1,(),text
1,textAlign,,textAlign,,,textAlign
1,textDecoration,,textDecoration,,,textDecoration
1,textIndent,,textIndent,,,textIndent
1,TextNode,,TextNode,,,TextNode
1,TextRange,,TextRange,,,TextRange
1,TextRectangle,,TextRectangle,,,TextRectangle
1,textShadow,,textShadow,,,textShadow
1,textTransform,,textTransform,,,textTransform
1,tFoot,,tFoot,,,tFoot
1,tHead,,tHead,,,tHead
1,then,"function, function",then,1,(),then
1,this,,this,,,this
1,throw,,throw,,,throw
1,timestamp,,timestamp,,,timestamp
1,title,,title,,,title
1,tmpl,"[ data ], [ options ]",tmpl,1,(),tmpl
1,jQuery.tmpl,"template, [ data ], [ options ]",tmple,1,(),tmple
1,jQuery.tmplItem,element,tmplItem,1,(),tmplItem
1,toArray,,toArray,1,(),toArray
1,toDateString,,toDateString,1,(),toDateString
1,toExponential,,toExponential,1,(),toExponential
1,toFixed,,toFixed,1,(),toFixed
1,toggle - master,"[ [ duration ], [ easing ], [ function ] ] | [ showOrHide ]",toggle,1,(),toggle
1,toggleClass,"class | function(index, class), [ switch ]",toggleClass,1,(),toggleClass
1,toGMTString,,toGMTString,1,(),toGMTString
1,toLocaleDateString,,toLocaleDateString,1,(),toLocaleDateString
1,toLocaleLowerCase,,toLocaleLowerCase,1,(),toLocaleLowerCase
1,toLocaleString,,toLocaleString,1,(),toLocaleString
1,toLocaleTimeString,,toLocaleTimeString,1,(),toLocaleTimeString
1,toLocaleUpperCase,,toLocaleUpperCase,1,(),toLocaleUpperCase
1,toLowerCase,,toLowerCase,1,(),toLowerCase
1,top,,top,,,top
1,toPrecision,,toPrecision,1,(),toPrecision
1,toSource,,toSource,1,(),toSource
1,toString,,toString,1,(),toString
1,toUpperCase,,toUpperCase,1,(),toUpperCase
1,toUTCString,,toUTCString,1,(),toUTCString
1,trigger,"event | eventType, extraParameters",trigger,1,(),trigger
1,triggerHandler,"eventType, extraParameters",triggerHandler,1,(),triggerHandler
1,trim,,trim,1,(),trim
1,trimLeft,,trimLeft,1,(),trimLeft
1,trimRight,,trimRight,1,(),trimRight
1,try,,try,,,try
1,type,,type,,,type
1,TypeError,,TypeError,1,(),TypeError
1,typeof,,typeof,,,typeof
1,unbind,"event | eventType, false | function",unbind,1,(),unbind
1,undefined,,undefined,,,undefined
1,undelegate,"[ selector, eventType, [ function ] ]",undelegate,1,(),undelegate
1,unescape,,unescape,1,(),unescape
1,unicodeBidi,,unicodeBidi,,,unicodeBidi
1,jQuery.unique,array,unique,1,(),unique
1,unlink,target,unlink,1,(),unlink
1,unload,"[ [ eventData ], function ]",unload,1,(),unload
1,unshift,,unshift,1,(),unshift
1,unwatch,,unwatch,1,(),unwatch
1,unwrap,,unwrap,1,(),unwrap
1,URIError,,URIError,1,(),URIError
1,URL,,URL,,,URL
1,urns,,urns,1,(),urns
1,useMap,,useMap,,,useMap
1,userAgent,,userAgent,,,userAgent
1,userProfile,,userProfile,,,userProfile
1,UTC,,UTC,1,(),UTC
1,val,[ value ] | [ function ],val,1,(),val
1,vAlign,,vAlign,,,vAlign
1,value,,value,,,value
1,valueOf,,valueOf,1,(),valueOf
1,var,,var,,,var
1,verticalAlign,,verticalAlign,,,verticalAlign
1,visibility,,visibility,,,visibility
1,vLink,,vLink,,,vLink
1,void,,void,,,void
1,vspace,,vspace,,,vspace
1,watch,,watch,1,(),watch
1,jQuery.when,,when,1,(),when
1,event,,which,,,which
1,while,,while,,,while
1,whiteSpace,,whiteSpace,,,whiteSpace
1,widows,,widows,,,widows
1,width,[ value ] | [ function ],width,1,(),width
1,window,,window,,,window
1,with,,with,,,with
1,wordSpacing,,wordSpacing,,,wordSpacing
1,wrap,wrappingElement | wrappingFunction,wrap,1,(),wrap
1,wrapAll,wrappingElement,wrapAll,1,(),wrapAll
1,wrapInner,wrappingElement | wrappingFunction,wrapInner,1,(),wrapInner
1,write,,write,1,(),write
1,writeln,,writeln,1,(),writeln
1,yield,,yield,,,yield
1,zIndex,,zIndex,,,zIndex